iso3,country,year,indicator_code,indicator_name,value,unit,vintage,source
BRA,Brasil,2000,GGXWDG_NGDP,Dívida bruta do governo geral,62.197623,% do PIB,FM-2026-04,IMF Fiscal Monitor April 2026 (DataMapper)
BRA,Brasil,2001,GGXWDG_NGDP,Dívida bruta do governo geral,67.330659,% do PIB,FM-2026-04,IMF Fiscal Monitor April 2026 (DataMapper)
BRA,Brasil,2002,GGXWDG_NGDP,Dívida bruta do governo geral,76.095054,% do PIB,FM-2026-04,IMF Fiscal Monitor April 2026 (DataMapper)
BRA,Brasil,2003,GGXWDG_NGDP,Dívida bruta do governo geral,71.51364,% do PIB,FM-2026-04,IMF Fiscal Monitor April 2026 (DataMapper)
BRA,Brasil,2004,GGXWDG_NGDP,Dívida bruta do governo geral,68.025064,% do PIB,FM-2026-04,IMF Fiscal Monitor April 2026 (DataMapper)
BRA,Brasil,2005,GGXWDG_NGDP,Dívida bruta do governo geral,66.968516,% do PIB,FM-2026-04,IMF Fiscal Monitor April 2026 (DataMapper)
BRA,Brasil,2006,GGXWDG_NGDP,Dívida bruta do governo geral,64.598819,% do PIB,FM-2026-04,IMF Fiscal Monitor April 2026 (DataMapper)
BRA,Brasil,2007,GGXWDG_NGDP,Dívida bruta do governo geral,63.024659,% do PIB,FM-2026-04,IMF Fiscal Monitor April 2026 (DataMapper)
BRA,Brasil,2008,GGXWDG_NGDP,Dívida bruta do governo geral,61.420078,% do PIB,FM-2026-04,IMF Fiscal Monitor April 2026 (DataMapper)
BRA,Brasil,2009,GGXWDG_NGDP,Dívida bruta do governo geral,64.701584,% do PIB,FM-2026-04,IMF Fiscal Monitor April 2026 (DataMapper)
BRA,Brasil,2010,GGXWDG_NGDP,Dívida bruta do governo geral,62.433202,% do PIB,FM-2026-04,IMF Fiscal Monitor April 2026 (DataMapper)
BRA,Brasil,2011,GGXWDG_NGDP,Dívida bruta do governo geral,60.63371,% do PIB,FM-2026-04,IMF Fiscal Monitor April 2026 (DataMapper)
BRA,Brasil,2012,GGXWDG_NGDP,Dívida bruta do governo geral,61.614255,% do PIB,FM-2026-04,IMF Fiscal Monitor April 2026 (DataMapper)
BRA,Brasil,2013,GGXWDG_NGDP,Dívida bruta do governo geral,59.594682,% do PIB,FM-2026-04,IMF Fiscal Monitor April 2026 (DataMapper)
BRA,Brasil,2014,GGXWDG_NGDP,Dívida bruta do governo geral,61.617149,% do PIB,FM-2026-04,IMF Fiscal Monitor April 2026 (DataMapper)
BRA,Brasil,2015,GGXWDG_NGDP,Dívida bruta do governo geral,71.729677,% do PIB,FM-2026-04,IMF Fiscal Monitor April 2026 (DataMapper)
BRA,Brasil,2016,GGXWDG_NGDP,Dívida bruta do governo geral,77.422191,% do PIB,FM-2026-04,IMF Fiscal Monitor April 2026 (DataMapper)
BRA,Brasil,2017,GGXWDG_NGDP,Dívida bruta do governo geral,82.744953,% do PIB,FM-2026-04,IMF Fiscal Monitor April 2026 (DataMapper)
BRA,Brasil,2018,GGXWDG_NGDP,Dívida bruta do governo geral,84.777046,% do PIB,FM-2026-04,IMF Fiscal Monitor April 2026 (DataMapper)
BRA,Brasil,2019,GGXWDG_NGDP,Dívida bruta do governo geral,87.118481,% do PIB,FM-2026-04,IMF Fiscal Monitor April 2026 (DataMapper)
BRA,Brasil,2020,GGXWDG_NGDP,Dívida bruta do governo geral,96.006839,% do PIB,FM-2026-04,IMF Fiscal Monitor April 2026 (DataMapper)
BRA,Brasil,2021,GGXWDG_NGDP,Dívida bruta do governo geral,88.934272,% do PIB,FM-2026-04,IMF Fiscal Monitor April 2026 (DataMapper)
BRA,Brasil,2022,GGXWDG_NGDP,Dívida bruta do governo geral,83.938835,% do PIB,FM-2026-04,IMF Fiscal Monitor April 2026 (DataMapper)
BRA,Brasil,2023,GGXWDG_NGDP,Dívida bruta do governo geral,84.000518,% do PIB,FM-2026-04,IMF Fiscal Monitor April 2026 (DataMapper)
BRA,Brasil,2024,GGXWDG_NGDP,Dívida bruta do governo geral,87.027887,% do PIB,FM-2026-04,IMF Fiscal Monitor April 2026 (DataMapper)
BRA,Brasil,2025,GGXWDG_NGDP,Dívida bruta do governo geral,93.329176,% do PIB,FM-2026-04,IMF Fiscal Monitor April 2026 (DataMapper)
BRA,Brasil,2026,GGXWDG_NGDP,Dívida bruta do governo geral,96.540306,% do PIB,FM-2026-04,IMF Fiscal Monitor April 2026 (DataMapper)
BRA,Brasil,2027,GGXWDG_NGDP,Dívida bruta do governo geral,99.997342,% do PIB,FM-2026-04,IMF Fiscal Monitor April 2026 (DataMapper)
BRA,Brasil,2028,GGXWDG_NGDP,Dívida bruta do governo geral,102.288139,% do PIB,FM-2026-04,IMF Fiscal Monitor April 2026 (DataMapper)
BRA,Brasil,2029,GGXWDG_NGDP,Dívida bruta do governo geral,104.14215,% do PIB,FM-2026-04,IMF Fiscal Monitor April 2026 (DataMapper)
BRA,Brasil,2001,GGXONLB_NGDP,Saldo primário do governo geral,3.129554,% do PIB,FM-2026-04,IMF Fiscal Monitor April 2026 (DataMapper)
BRA,Brasil,2002,GGXONLB_NGDP,Saldo primário do governo geral,3.355824,% do PIB,FM-2026-04,IMF Fiscal Monitor April 2026 (DataMapper)
BRA,Brasil,2003,GGXONLB_NGDP,Saldo primário do governo geral,3.553413,% do PIB,FM-2026-04,IMF Fiscal Monitor April 2026 (DataMapper)
BRA,Brasil,2004,GGXONLB_NGDP,Saldo primário do governo geral,4.051097,% do PIB,FM-2026-04,IMF Fiscal Monitor April 2026 (DataMapper)
BRA,Brasil,2005,GGXONLB_NGDP,Saldo primário do governo geral,3.864787,% do PIB,FM-2026-04,IMF Fiscal Monitor April 2026 (DataMapper)
BRA,Brasil,2006,GGXONLB_NGDP,Saldo primário do governo geral,1.506652,% do PIB,FM-2026-04,IMF Fiscal Monitor April 2026 (DataMapper)
BRA,Brasil,2007,GGXONLB_NGDP,Saldo primário do governo geral,2.880457,% do PIB,FM-2026-04,IMF Fiscal Monitor April 2026 (DataMapper)
BRA,Brasil,2008,GGXONLB_NGDP,Saldo primário do governo geral,3.21331,% do PIB,FM-2026-04,IMF Fiscal Monitor April 2026 (DataMapper)
BRA,Brasil,2009,GGXONLB_NGDP,Saldo primário do governo geral,0.911779,% do PIB,FM-2026-04,IMF Fiscal Monitor April 2026 (DataMapper)
BRA,Brasil,2010,GGXONLB_NGDP,Saldo primário do governo geral,1.579591,% do PIB,FM-2026-04,IMF Fiscal Monitor April 2026 (DataMapper)
BRA,Brasil,2011,GGXONLB_NGDP,Saldo primário do governo geral,2.737163,% do PIB,FM-2026-04,IMF Fiscal Monitor April 2026 (DataMapper)
BRA,Brasil,2012,GGXONLB_NGDP,Saldo primário do governo geral,2.220725,% do PIB,FM-2026-04,IMF Fiscal Monitor April 2026 (DataMapper)
BRA,Brasil,2013,GGXONLB_NGDP,Saldo primário do governo geral,1.519757,% do PIB,FM-2026-04,IMF Fiscal Monitor April 2026 (DataMapper)
BRA,Brasil,2014,GGXONLB_NGDP,Saldo primário do governo geral,-0.90003,% do PIB,FM-2026-04,IMF Fiscal Monitor April 2026 (DataMapper)
BRA,Brasil,2015,GGXONLB_NGDP,Saldo primário do governo geral,-0.85273,% do PIB,FM-2026-04,IMF Fiscal Monitor April 2026 (DataMapper)
BRA,Brasil,2016,GGXONLB_NGDP,Saldo primário do governo geral,-2.007588,% do PIB,FM-2026-04,IMF Fiscal Monitor April 2026 (DataMapper)
BRA,Brasil,2017,GGXONLB_NGDP,Saldo primário do governo geral,-1.624567,% do PIB,FM-2026-04,IMF Fiscal Monitor April 2026 (DataMapper)
BRA,Brasil,2018,GGXONLB_NGDP,Saldo primário do governo geral,-0.866908,% do PIB,FM-2026-04,IMF Fiscal Monitor April 2026 (DataMapper)
BRA,Brasil,2019,GGXONLB_NGDP,Saldo primário do governo geral,-0.082775,% do PIB,FM-2026-04,IMF Fiscal Monitor April 2026 (DataMapper)
BRA,Brasil,2020,GGXONLB_NGDP,Saldo primário do governo geral,-7.535862,% do PIB,FM-2026-04,IMF Fiscal Monitor April 2026 (DataMapper)
BRA,Brasil,2021,GGXONLB_NGDP,Saldo primário do governo geral,1.978528,% do PIB,FM-2026-04,IMF Fiscal Monitor April 2026 (DataMapper)
BRA,Brasil,2022,GGXONLB_NGDP,Saldo primário do governo geral,1.306805,% do PIB,FM-2026-04,IMF Fiscal Monitor April 2026 (DataMapper)
BRA,Brasil,2023,GGXONLB_NGDP,Saldo primário do governo geral,-2.167607,% do PIB,FM-2026-04,IMF Fiscal Monitor April 2026 (DataMapper)
BRA,Brasil,2024,GGXONLB_NGDP,Saldo primário do governo geral,-0.218717,% do PIB,FM-2026-04,IMF Fiscal Monitor April 2026 (DataMapper)
BRA,Brasil,2025,GGXONLB_NGDP,Saldo primário do governo geral,-0.388479,% do PIB,FM-2026-04,IMF Fiscal Monitor April 2026 (DataMapper)
BRA,Brasil,2026,GGXONLB_NGDP,Saldo primário do governo geral,-0.452359,% do PIB,FM-2026-04,IMF Fiscal Monitor April 2026 (DataMapper)
BRA,Brasil,2027,GGXONLB_NGDP,Saldo primário do governo geral,-0.444064,% do PIB,FM-2026-04,IMF Fiscal Monitor April 2026 (DataMapper)
BRA,Brasil,2028,GGXONLB_NGDP,Saldo primário do governo geral,0.081641,% do PIB,FM-2026-04,IMF Fiscal Monitor April 2026 (DataMapper)
BRA,Brasil,2029,GGXONLB_NGDP,Saldo primário do governo geral,0.428505,% do PIB,FM-2026-04,IMF Fiscal Monitor April 2026 (DataMapper)
MEX,México,2000,GGXWDG_NGDP,Dívida bruta do governo geral,38.455004,% do PIB,FM-2026-04,IMF Fiscal Monitor April 2026 (DataMapper)
MEX,México,2001,GGXWDG_NGDP,Dívida bruta do governo geral,37.315104,% do PIB,FM-2026-04,IMF Fiscal Monitor April 2026 (DataMapper)
MEX,México,2002,GGXWDG_NGDP,Dívida bruta do governo geral,39.866069,% do PIB,FM-2026-04,IMF Fiscal Monitor April 2026 (DataMapper)
MEX,México,2003,GGXWDG_NGDP,Dívida bruta do governo geral,42.132815,% do PIB,FM-2026-04,IMF Fiscal Monitor April 2026 (DataMapper)
MEX,México,2004,GGXWDG_NGDP,Dívida bruta do governo geral,38.905888,% do PIB,FM-2026-04,IMF Fiscal Monitor April 2026 (DataMapper)
MEX,México,2005,GGXWDG_NGDP,Dívida bruta do governo geral,36.840513,% do PIB,FM-2026-04,IMF Fiscal Monitor April 2026 (DataMapper)
MEX,México,2006,GGXWDG_NGDP,Dívida bruta do governo geral,35.776544,% do PIB,FM-2026-04,IMF Fiscal Monitor April 2026 (DataMapper)
MEX,México,2007,GGXWDG_NGDP,Dívida bruta do governo geral,35.529023,% do PIB,FM-2026-04,IMF Fiscal Monitor April 2026 (DataMapper)
MEX,México,2008,GGXWDG_NGDP,Dívida bruta do governo geral,40.604769,% do PIB,FM-2026-04,IMF Fiscal Monitor April 2026 (DataMapper)
MEX,México,2009,GGXWDG_NGDP,Dívida bruta do governo geral,41.666748,% do PIB,FM-2026-04,IMF Fiscal Monitor April 2026 (DataMapper)
MEX,México,2010,GGXWDG_NGDP,Dívida bruta do governo geral,40.155216,% do PIB,FM-2026-04,IMF Fiscal Monitor April 2026 (DataMapper)
MEX,México,2011,GGXWDG_NGDP,Dívida bruta do governo geral,41.166781,% do PIB,FM-2026-04,IMF Fiscal Monitor April 2026 (DataMapper)
MEX,México,2012,GGXWDG_NGDP,Dívida bruta do governo geral,40.814554,% do PIB,FM-2026-04,IMF Fiscal Monitor April 2026 (DataMapper)
MEX,México,2013,GGXWDG_NGDP,Dívida bruta do governo geral,44.066479,% do PIB,FM-2026-04,IMF Fiscal Monitor April 2026 (DataMapper)
MEX,México,2014,GGXWDG_NGDP,Dívida bruta do governo geral,47.09279,% do PIB,FM-2026-04,IMF Fiscal Monitor April 2026 (DataMapper)
MEX,México,2015,GGXWDG_NGDP,Dívida bruta do governo geral,50.972958,% do PIB,FM-2026-04,IMF Fiscal Monitor April 2026 (DataMapper)
MEX,México,2016,GGXWDG_NGDP,Dívida bruta do governo geral,55.00331,% do PIB,FM-2026-04,IMF Fiscal Monitor April 2026 (DataMapper)
MEX,México,2017,GGXWDG_NGDP,Dívida bruta do governo geral,52.521184,% do PIB,FM-2026-04,IMF Fiscal Monitor April 2026 (DataMapper)
MEX,México,2018,GGXWDG_NGDP,Dívida bruta do governo geral,52.20177,% do PIB,FM-2026-04,IMF Fiscal Monitor April 2026 (DataMapper)
MEX,México,2019,GGXWDG_NGDP,Dívida bruta do governo geral,51.868638,% do PIB,FM-2026-04,IMF Fiscal Monitor April 2026 (DataMapper)
MEX,México,2020,GGXWDG_NGDP,Dívida bruta do governo geral,58.456337,% do PIB,FM-2026-04,IMF Fiscal Monitor April 2026 (DataMapper)
MEX,México,2021,GGXWDG_NGDP,Dívida bruta do governo geral,56.694681,% do PIB,FM-2026-04,IMF Fiscal Monitor April 2026 (DataMapper)
MEX,México,2022,GGXWDG_NGDP,Dívida bruta do governo geral,53.802726,% do PIB,FM-2026-04,IMF Fiscal Monitor April 2026 (DataMapper)
MEX,México,2023,GGXWDG_NGDP,Dívida bruta do governo geral,52.752804,% do PIB,FM-2026-04,IMF Fiscal Monitor April 2026 (DataMapper)
MEX,México,2024,GGXWDG_NGDP,Dívida bruta do governo geral,59.134852,% do PIB,FM-2026-04,IMF Fiscal Monitor April 2026 (DataMapper)
MEX,México,2025,GGXWDG_NGDP,Dívida bruta do governo geral,61.750875,% do PIB,FM-2026-04,IMF Fiscal Monitor April 2026 (DataMapper)
MEX,México,2026,GGXWDG_NGDP,Dívida bruta do governo geral,62.680153,% do PIB,FM-2026-04,IMF Fiscal Monitor April 2026 (DataMapper)
MEX,México,2027,GGXWDG_NGDP,Dívida bruta do governo geral,63.112359,% do PIB,FM-2026-04,IMF Fiscal Monitor April 2026 (DataMapper)
MEX,México,2028,GGXWDG_NGDP,Dívida bruta do governo geral,63.108985,% do PIB,FM-2026-04,IMF Fiscal Monitor April 2026 (DataMapper)
MEX,México,2029,GGXWDG_NGDP,Dívida bruta do governo geral,63.27362,% do PIB,FM-2026-04,IMF Fiscal Monitor April 2026 (DataMapper)
MEX,México,2000,GGXONLB_NGDP,Saldo primário do governo geral,0.326755,% do PIB,FM-2026-04,IMF Fiscal Monitor April 2026 (DataMapper)
MEX,México,2001,GGXONLB_NGDP,Saldo primário do governo geral,1.127809,% do PIB,FM-2026-04,IMF Fiscal Monitor April 2026 (DataMapper)
MEX,México,2002,GGXONLB_NGDP,Saldo primário do governo geral,0.80667,% do PIB,FM-2026-04,IMF Fiscal Monitor April 2026 (DataMapper)
MEX,México,2003,GGXONLB_NGDP,Saldo primário do governo geral,0.611571,% do PIB,FM-2026-04,IMF Fiscal Monitor April 2026 (DataMapper)
MEX,México,2004,GGXONLB_NGDP,Saldo primário do governo geral,1.365667,% do PIB,FM-2026-04,IMF Fiscal Monitor April 2026 (DataMapper)
MEX,México,2005,GGXONLB_NGDP,Saldo primário do governo geral,1.268837,% do PIB,FM-2026-04,IMF Fiscal Monitor April 2026 (DataMapper)
MEX,México,2006,GGXONLB_NGDP,Saldo primário do governo geral,1.362644,% do PIB,FM-2026-04,IMF Fiscal Monitor April 2026 (DataMapper)
MEX,México,2007,GGXONLB_NGDP,Saldo primário do governo geral,1.02159,% do PIB,FM-2026-04,IMF Fiscal Monitor April 2026 (DataMapper)
MEX,México,2008,GGXONLB_NGDP,Saldo primário do governo geral,1.970139,% do PIB,FM-2026-04,IMF Fiscal Monitor April 2026 (DataMapper)
MEX,México,2009,GGXONLB_NGDP,Saldo primário do governo geral,-0.990853,% do PIB,FM-2026-04,IMF Fiscal Monitor April 2026 (DataMapper)
MEX,México,2010,GGXONLB_NGDP,Saldo primário do governo geral,-1.162668,% do PIB,FM-2026-04,IMF Fiscal Monitor April 2026 (DataMapper)
MEX,México,2011,GGXONLB_NGDP,Saldo primário do governo geral,-0.684927,% do PIB,FM-2026-04,IMF Fiscal Monitor April 2026 (DataMapper)
MEX,México,2012,GGXONLB_NGDP,Saldo primário do governo geral,-0.878394,% do PIB,FM-2026-04,IMF Fiscal Monitor April 2026 (DataMapper)
MEX,México,2013,GGXONLB_NGDP,Saldo primário do governo geral,-0.911562,% do PIB,FM-2026-04,IMF Fiscal Monitor April 2026 (DataMapper)
MEX,México,2014,GGXONLB_NGDP,Saldo primário do governo geral,-1.684092,% do PIB,FM-2026-04,IMF Fiscal Monitor April 2026 (DataMapper)
MEX,México,2015,GGXONLB_NGDP,Saldo primário do governo geral,-1.166443,% do PIB,FM-2026-04,IMF Fiscal Monitor April 2026 (DataMapper)
MEX,México,2016,GGXONLB_NGDP,Saldo primário do governo geral,0.34142,% do PIB,FM-2026-04,IMF Fiscal Monitor April 2026 (DataMapper)
MEX,México,2017,GGXONLB_NGDP,Saldo primário do governo geral,2.545806,% do PIB,FM-2026-04,IMF Fiscal Monitor April 2026 (DataMapper)
MEX,México,2018,GGXONLB_NGDP,Saldo primário do governo geral,1.53617,% do PIB,FM-2026-04,IMF Fiscal Monitor April 2026 (DataMapper)
MEX,México,2019,GGXONLB_NGDP,Saldo primário do governo geral,2.138714,% do PIB,FM-2026-04,IMF Fiscal Monitor April 2026 (DataMapper)
MEX,México,2020,GGXONLB_NGDP,Saldo primário do governo geral,0.095117,% do PIB,FM-2026-04,IMF Fiscal Monitor April 2026 (DataMapper)
MEX,México,2021,GGXONLB_NGDP,Saldo primário do governo geral,0.586984,% do PIB,FM-2026-04,IMF Fiscal Monitor April 2026 (DataMapper)
MEX,México,2022,GGXONLB_NGDP,Saldo primário do governo geral,0.726202,% do PIB,FM-2026-04,IMF Fiscal Monitor April 2026 (DataMapper)
MEX,México,2023,GGXONLB_NGDP,Saldo primário do governo geral,1.49788,% do PIB,FM-2026-04,IMF Fiscal Monitor April 2026 (DataMapper)
MEX,México,2024,GGXONLB_NGDP,Saldo primário do governo geral,0.17063,% do PIB,FM-2026-04,IMF Fiscal Monitor April 2026 (DataMapper)
MEX,México,2025,GGXONLB_NGDP,Saldo primário do governo geral,1.229728,% do PIB,FM-2026-04,IMF Fiscal Monitor April 2026 (DataMapper)
MEX,México,2026,GGXONLB_NGDP,Saldo primário do governo geral,1.602886,% do PIB,FM-2026-04,IMF Fiscal Monitor April 2026 (DataMapper)
MEX,México,2027,GGXONLB_NGDP,Saldo primário do governo geral,2.111687,% do PIB,FM-2026-04,IMF Fiscal Monitor April 2026 (DataMapper)
MEX,México,2028,GGXONLB_NGDP,Saldo primário do governo geral,2.350598,% do PIB,FM-2026-04,IMF Fiscal Monitor April 2026 (DataMapper)
MEX,México,2029,GGXONLB_NGDP,Saldo primário do governo geral,2.17073,% do PIB,FM-2026-04,IMF Fiscal Monitor April 2026 (DataMapper)
CHL,Chile,2000,GGXWDG_NGDP,Dívida bruta do governo geral,13.14564,% do PIB,FM-2026-04,IMF Fiscal Monitor April 2026 (DataMapper)
CHL,Chile,2001,GGXWDG_NGDP,Dívida bruta do governo geral,14.348084,% do PIB,FM-2026-04,IMF Fiscal Monitor April 2026 (DataMapper)
CHL,Chile,2002,GGXWDG_NGDP,Dívida bruta do governo geral,15.04533,% do PIB,FM-2026-04,IMF Fiscal Monitor April 2026 (DataMapper)
CHL,Chile,2003,GGXWDG_NGDP,Dívida bruta do governo geral,12.573018,% do PIB,FM-2026-04,IMF Fiscal Monitor April 2026 (DataMapper)
CHL,Chile,2004,GGXWDG_NGDP,Dívida bruta do governo geral,10.314065,% do PIB,FM-2026-04,IMF Fiscal Monitor April 2026 (DataMapper)
CHL,Chile,2005,GGXWDG_NGDP,Dívida bruta do governo geral,7.03962,% do PIB,FM-2026-04,IMF Fiscal Monitor April 2026 (DataMapper)
CHL,Chile,2006,GGXWDG_NGDP,Dívida bruta do governo geral,5.022398,% do PIB,FM-2026-04,IMF Fiscal Monitor April 2026 (DataMapper)
CHL,Chile,2007,GGXWDG_NGDP,Dívida bruta do governo geral,3.90126,% do PIB,FM-2026-04,IMF Fiscal Monitor April 2026 (DataMapper)
CHL,Chile,2008,GGXWDG_NGDP,Dívida bruta do governo geral,4.915989,% do PIB,FM-2026-04,IMF Fiscal Monitor April 2026 (DataMapper)
CHL,Chile,2009,GGXWDG_NGDP,Dívida bruta do governo geral,5.844926,% do PIB,FM-2026-04,IMF Fiscal Monitor April 2026 (DataMapper)
CHL,Chile,2010,GGXWDG_NGDP,Dívida bruta do governo geral,8.607327,% do PIB,FM-2026-04,IMF Fiscal Monitor April 2026 (DataMapper)
CHL,Chile,2011,GGXWDG_NGDP,Dívida bruta do governo geral,11.12689,% do PIB,FM-2026-04,IMF Fiscal Monitor April 2026 (DataMapper)
CHL,Chile,2012,GGXWDG_NGDP,Dívida bruta do governo geral,11.939073,% do PIB,FM-2026-04,IMF Fiscal Monitor April 2026 (DataMapper)
CHL,Chile,2013,GGXWDG_NGDP,Dívida bruta do governo geral,12.784064,% do PIB,FM-2026-04,IMF Fiscal Monitor April 2026 (DataMapper)
CHL,Chile,2014,GGXWDG_NGDP,Dívida bruta do governo geral,15.019748,% do PIB,FM-2026-04,IMF Fiscal Monitor April 2026 (DataMapper)
CHL,Chile,2015,GGXWDG_NGDP,Dívida bruta do governo geral,17.37466,% do PIB,FM-2026-04,IMF Fiscal Monitor April 2026 (DataMapper)
CHL,Chile,2016,GGXWDG_NGDP,Dívida bruta do governo geral,21.100505,% do PIB,FM-2026-04,IMF Fiscal Monitor April 2026 (DataMapper)
CHL,Chile,2017,GGXWDG_NGDP,Dívida bruta do governo geral,23.651639,% do PIB,FM-2026-04,IMF Fiscal Monitor April 2026 (DataMapper)
CHL,Chile,2018,GGXWDG_NGDP,Dívida bruta do governo geral,25.798028,% do PIB,FM-2026-04,IMF Fiscal Monitor April 2026 (DataMapper)
CHL,Chile,2019,GGXWDG_NGDP,Dívida bruta do governo geral,28.329642,% do PIB,FM-2026-04,IMF Fiscal Monitor April 2026 (DataMapper)
CHL,Chile,2020,GGXWDG_NGDP,Dívida bruta do governo geral,32.380101,% do PIB,FM-2026-04,IMF Fiscal Monitor April 2026 (DataMapper)
CHL,Chile,2021,GGXWDG_NGDP,Dívida bruta do governo geral,36.447857,% do PIB,FM-2026-04,IMF Fiscal Monitor April 2026 (DataMapper)
CHL,Chile,2022,GGXWDG_NGDP,Dívida bruta do governo geral,37.907331,% do PIB,FM-2026-04,IMF Fiscal Monitor April 2026 (DataMapper)
CHL,Chile,2023,GGXWDG_NGDP,Dívida bruta do governo geral,39.41519,% do PIB,FM-2026-04,IMF Fiscal Monitor April 2026 (DataMapper)
CHL,Chile,2024,GGXWDG_NGDP,Dívida bruta do governo geral,41.650148,% do PIB,FM-2026-04,IMF Fiscal Monitor April 2026 (DataMapper)
CHL,Chile,2025,GGXWDG_NGDP,Dívida bruta do governo geral,41.774031,% do PIB,FM-2026-04,IMF Fiscal Monitor April 2026 (DataMapper)
CHL,Chile,2026,GGXWDG_NGDP,Dívida bruta do governo geral,42.465045,% do PIB,FM-2026-04,IMF Fiscal Monitor April 2026 (DataMapper)
CHL,Chile,2027,GGXWDG_NGDP,Dívida bruta do governo geral,44.437499,% do PIB,FM-2026-04,IMF Fiscal Monitor April 2026 (DataMapper)
CHL,Chile,2028,GGXWDG_NGDP,Dívida bruta do governo geral,45.527215,% do PIB,FM-2026-04,IMF Fiscal Monitor April 2026 (DataMapper)
CHL,Chile,2029,GGXWDG_NGDP,Dívida bruta do governo geral,46.817633,% do PIB,FM-2026-04,IMF Fiscal Monitor April 2026 (DataMapper)
CHL,Chile,2000,GGXONLB_NGDP,Saldo primário do governo geral,-0.054988,% do PIB,FM-2026-04,IMF Fiscal Monitor April 2026 (DataMapper)
CHL,Chile,2001,GGXONLB_NGDP,Saldo primário do governo geral,-0.037378,% do PIB,FM-2026-04,IMF Fiscal Monitor April 2026 (DataMapper)
CHL,Chile,2002,GGXONLB_NGDP,Saldo primário do governo geral,-0.677919,% do PIB,FM-2026-04,IMF Fiscal Monitor April 2026 (DataMapper)
CHL,Chile,2003,GGXONLB_NGDP,Saldo primário do governo geral,0.11242,% do PIB,FM-2026-04,IMF Fiscal Monitor April 2026 (DataMapper)
CHL,Chile,2004,GGXONLB_NGDP,Saldo primário do governo geral,2.548627,% do PIB,FM-2026-04,IMF Fiscal Monitor April 2026 (DataMapper)
CHL,Chile,2005,GGXONLB_NGDP,Saldo primário do governo geral,5.006477,% do PIB,FM-2026-04,IMF Fiscal Monitor April 2026 (DataMapper)
CHL,Chile,2006,GGXONLB_NGDP,Saldo primário do governo geral,7.681129,% do PIB,FM-2026-04,IMF Fiscal Monitor April 2026 (DataMapper)
CHL,Chile,2007,GGXONLB_NGDP,Saldo primário do governo geral,7.769582,% do PIB,FM-2026-04,IMF Fiscal Monitor April 2026 (DataMapper)
CHL,Chile,2008,GGXONLB_NGDP,Saldo primário do governo geral,3.572791,% do PIB,FM-2026-04,IMF Fiscal Monitor April 2026 (DataMapper)
CHL,Chile,2009,GGXONLB_NGDP,Saldo primário do governo geral,-4.458595,% do PIB,FM-2026-04,IMF Fiscal Monitor April 2026 (DataMapper)
CHL,Chile,2010,GGXONLB_NGDP,Saldo primário do governo geral,-0.312418,% do PIB,FM-2026-04,IMF Fiscal Monitor April 2026 (DataMapper)
CHL,Chile,2011,GGXONLB_NGDP,Saldo primário do governo geral,1.523722,% do PIB,FM-2026-04,IMF Fiscal Monitor April 2026 (DataMapper)
CHL,Chile,2012,GGXONLB_NGDP,Saldo primário do governo geral,0.79191,% do PIB,FM-2026-04,IMF Fiscal Monitor April 2026 (DataMapper)
CHL,Chile,2013,GGXONLB_NGDP,Saldo primário do governo geral,-0.389328,% do PIB,FM-2026-04,IMF Fiscal Monitor April 2026 (DataMapper)
CHL,Chile,2014,GGXONLB_NGDP,Saldo primário do governo geral,-1.352395,% do PIB,FM-2026-04,IMF Fiscal Monitor April 2026 (DataMapper)
CHL,Chile,2015,GGXONLB_NGDP,Saldo primário do governo geral,-1.871309,% do PIB,FM-2026-04,IMF Fiscal Monitor April 2026 (DataMapper)
CHL,Chile,2016,GGXONLB_NGDP,Saldo primário do governo geral,-2.377355,% do PIB,FM-2026-04,IMF Fiscal Monitor April 2026 (DataMapper)
CHL,Chile,2017,GGXONLB_NGDP,Saldo primário do governo geral,-2.267493,% do PIB,FM-2026-04,IMF Fiscal Monitor April 2026 (DataMapper)
CHL,Chile,2018,GGXONLB_NGDP,Saldo primário do governo geral,-1.111919,% do PIB,FM-2026-04,IMF Fiscal Monitor April 2026 (DataMapper)
CHL,Chile,2019,GGXONLB_NGDP,Saldo primário do governo geral,-2.380062,% do PIB,FM-2026-04,IMF Fiscal Monitor April 2026 (DataMapper)
CHL,Chile,2020,GGXONLB_NGDP,Saldo primário do governo geral,-6.5749,% do PIB,FM-2026-04,IMF Fiscal Monitor April 2026 (DataMapper)
CHL,Chile,2021,GGXONLB_NGDP,Saldo primário do governo geral,-6.902863,% do PIB,FM-2026-04,IMF Fiscal Monitor April 2026 (DataMapper)
CHL,Chile,2022,GGXONLB_NGDP,Saldo primário do governo geral,1.839579,% do PIB,FM-2026-04,IMF Fiscal Monitor April 2026 (DataMapper)
CHL,Chile,2023,GGXONLB_NGDP,Saldo primário do governo geral,-1.913456,% do PIB,FM-2026-04,IMF Fiscal Monitor April 2026 (DataMapper)
CHL,Chile,2024,GGXONLB_NGDP,Saldo primário do governo geral,-2.051186,% do PIB,FM-2026-04,IMF Fiscal Monitor April 2026 (DataMapper)
CHL,Chile,2025,GGXONLB_NGDP,Saldo primário do governo geral,-1.993155,% do PIB,FM-2026-04,IMF Fiscal Monitor April 2026 (DataMapper)
CHL,Chile,2026,GGXONLB_NGDP,Saldo primário do governo geral,-1.68105,% do PIB,FM-2026-04,IMF Fiscal Monitor April 2026 (DataMapper)
CHL,Chile,2027,GGXONLB_NGDP,Saldo primário do governo geral,-1.00336,% do PIB,FM-2026-04,IMF Fiscal Monitor April 2026 (DataMapper)
CHL,Chile,2028,GGXONLB_NGDP,Saldo primário do governo geral,-0.684084,% do PIB,FM-2026-04,IMF Fiscal Monitor April 2026 (DataMapper)
CHL,Chile,2029,GGXONLB_NGDP,Saldo primário do governo geral,-0.772089,% do PIB,FM-2026-04,IMF Fiscal Monitor April 2026 (DataMapper)
IND,Índia,2000,GGXWDG_NGDP,Dívida bruta do governo geral,74.940513,% do PIB,FM-2026-04,IMF Fiscal Monitor April 2026 (DataMapper)
IND,Índia,2001,GGXWDG_NGDP,Dívida bruta do governo geral,80.110431,% do PIB,FM-2026-04,IMF Fiscal Monitor April 2026 (DataMapper)
IND,Índia,2002,GGXWDG_NGDP,Dívida bruta do governo geral,84.304258,% do PIB,FM-2026-04,IMF Fiscal Monitor April 2026 (DataMapper)
IND,Índia,2003,GGXWDG_NGDP,Dívida bruta do governo geral,85.882905,% do PIB,FM-2026-04,IMF Fiscal Monitor April 2026 (DataMapper)
IND,Índia,2004,GGXWDG_NGDP,Dívida bruta do governo geral,84.890373,% do PIB,FM-2026-04,IMF Fiscal Monitor April 2026 (DataMapper)
IND,Índia,2005,GGXWDG_NGDP,Dívida bruta do governo geral,82.377826,% do PIB,FM-2026-04,IMF Fiscal Monitor April 2026 (DataMapper)
IND,Índia,2006,GGXWDG_NGDP,Dívida bruta do governo geral,77.892602,% do PIB,FM-2026-04,IMF Fiscal Monitor April 2026 (DataMapper)
IND,Índia,2007,GGXWDG_NGDP,Dívida bruta do governo geral,75.414134,% do PIB,FM-2026-04,IMF Fiscal Monitor April 2026 (DataMapper)
IND,Índia,2008,GGXWDG_NGDP,Dívida bruta do governo geral,74.340542,% do PIB,FM-2026-04,IMF Fiscal Monitor April 2026 (DataMapper)
IND,Índia,2009,GGXWDG_NGDP,Dívida bruta do governo geral,72.734854,% do PIB,FM-2026-04,IMF Fiscal Monitor April 2026 (DataMapper)
IND,Índia,2010,GGXWDG_NGDP,Dívida bruta do governo geral,67.675281,% do PIB,FM-2026-04,IMF Fiscal Monitor April 2026 (DataMapper)
IND,Índia,2011,GGXWDG_NGDP,Dívida bruta do governo geral,68.699177,% do PIB,FM-2026-04,IMF Fiscal Monitor April 2026 (DataMapper)
IND,Índia,2012,GGXWDG_NGDP,Dívida bruta do governo geral,68.14582,% do PIB,FM-2026-04,IMF Fiscal Monitor April 2026 (DataMapper)
IND,Índia,2013,GGXWDG_NGDP,Dívida bruta do governo geral,68.018336,% do PIB,FM-2026-04,IMF Fiscal Monitor April 2026 (DataMapper)
IND,Índia,2014,GGXWDG_NGDP,Dívida bruta do governo geral,67.641612,% do PIB,FM-2026-04,IMF Fiscal Monitor April 2026 (DataMapper)
IND,Índia,2015,GGXWDG_NGDP,Dívida bruta do governo geral,69.755373,% do PIB,FM-2026-04,IMF Fiscal Monitor April 2026 (DataMapper)
IND,Índia,2016,GGXWDG_NGDP,Dívida bruta do governo geral,69.815448,% do PIB,FM-2026-04,IMF Fiscal Monitor April 2026 (DataMapper)
IND,Índia,2017,GGXWDG_NGDP,Dívida bruta do governo geral,70.776244,% do PIB,FM-2026-04,IMF Fiscal Monitor April 2026 (DataMapper)
IND,Índia,2018,GGXWDG_NGDP,Dívida bruta do governo geral,71.682931,% do PIB,FM-2026-04,IMF Fiscal Monitor April 2026 (DataMapper)
IND,Índia,2019,GGXWDG_NGDP,Dívida bruta do governo geral,76.665332,% do PIB,FM-2026-04,IMF Fiscal Monitor April 2026 (DataMapper)
IND,Índia,2020,GGXWDG_NGDP,Dívida bruta do governo geral,90.561743,% do PIB,FM-2026-04,IMF Fiscal Monitor April 2026 (DataMapper)
IND,Índia,2021,GGXWDG_NGDP,Dívida bruta do governo geral,85.712655,% do PIB,FM-2026-04,IMF Fiscal Monitor April 2026 (DataMapper)
IND,Índia,2022,GGXWDG_NGDP,Dívida bruta do governo geral,84.597732,% do PIB,FM-2026-04,IMF Fiscal Monitor April 2026 (DataMapper)
IND,Índia,2023,GGXWDG_NGDP,Dívida bruta do governo geral,85.010466,% do PIB,FM-2026-04,IMF Fiscal Monitor April 2026 (DataMapper)
IND,Índia,2024,GGXWDG_NGDP,Dívida bruta do governo geral,84.781769,% do PIB,FM-2026-04,IMF Fiscal Monitor April 2026 (DataMapper)
IND,Índia,2025,GGXWDG_NGDP,Dívida bruta do governo geral,84.07472,% do PIB,FM-2026-04,IMF Fiscal Monitor April 2026 (DataMapper)
IND,Índia,2026,GGXWDG_NGDP,Dívida bruta do governo geral,83.361777,% do PIB,FM-2026-04,IMF Fiscal Monitor April 2026 (DataMapper)
IND,Índia,2027,GGXWDG_NGDP,Dívida bruta do governo geral,82.546459,% do PIB,FM-2026-04,IMF Fiscal Monitor April 2026 (DataMapper)
IND,Índia,2028,GGXWDG_NGDP,Dívida bruta do governo geral,81.663419,% do PIB,FM-2026-04,IMF Fiscal Monitor April 2026 (DataMapper)
IND,Índia,2029,GGXWDG_NGDP,Dívida bruta do governo geral,80.608643,% do PIB,FM-2026-04,IMF Fiscal Monitor April 2026 (DataMapper)
IND,Índia,2000,GGXONLB_NGDP,Saldo primário do governo geral,-4.145358,% do PIB,FM-2026-04,IMF Fiscal Monitor April 2026 (DataMapper)
IND,Índia,2001,GGXONLB_NGDP,Saldo primário do governo geral,-6.447081,% do PIB,FM-2026-04,IMF Fiscal Monitor April 2026 (DataMapper)
IND,Índia,2002,GGXONLB_NGDP,Saldo primário do governo geral,-6.228833,% do PIB,FM-2026-04,IMF Fiscal Monitor April 2026 (DataMapper)
IND,Índia,2003,GGXONLB_NGDP,Saldo primário do governo geral,-6.498193,% do PIB,FM-2026-04,IMF Fiscal Monitor April 2026 (DataMapper)
IND,Índia,2004,GGXONLB_NGDP,Saldo primário do governo geral,-4.213736,% do PIB,FM-2026-04,IMF Fiscal Monitor April 2026 (DataMapper)
IND,Índia,2005,GGXONLB_NGDP,Saldo primário do governo geral,-1.635965,% do PIB,FM-2026-04,IMF Fiscal Monitor April 2026 (DataMapper)
IND,Índia,2006,GGXONLB_NGDP,Saldo primário do governo geral,-0.218693,% do PIB,FM-2026-04,IMF Fiscal Monitor April 2026 (DataMapper)
IND,Índia,2007,GGXONLB_NGDP,Saldo primário do governo geral,1.116033,% do PIB,FM-2026-04,IMF Fiscal Monitor April 2026 (DataMapper)
IND,Índia,2008,GGXONLB_NGDP,Saldo primário do governo geral,-3.386221,% do PIB,FM-2026-04,IMF Fiscal Monitor April 2026 (DataMapper)
IND,Índia,2009,GGXONLB_NGDP,Saldo primário do governo geral,-4.609148,% do PIB,FM-2026-04,IMF Fiscal Monitor April 2026 (DataMapper)
IND,Índia,2010,GGXONLB_NGDP,Saldo primário do governo geral,-4.231978,% do PIB,FM-2026-04,IMF Fiscal Monitor April 2026 (DataMapper)
IND,Índia,2011,GGXONLB_NGDP,Saldo primário do governo geral,-3.682361,% do PIB,FM-2026-04,IMF Fiscal Monitor April 2026 (DataMapper)
IND,Índia,2012,GGXONLB_NGDP,Saldo primário do governo geral,-2.947918,% do PIB,FM-2026-04,IMF Fiscal Monitor April 2026 (DataMapper)
IND,Índia,2013,GGXONLB_NGDP,Saldo primário do governo geral,-2.200279,% do PIB,FM-2026-04,IMF Fiscal Monitor April 2026 (DataMapper)
IND,Índia,2014,GGXONLB_NGDP,Saldo primário do governo geral,-2.369307,% do PIB,FM-2026-04,IMF Fiscal Monitor April 2026 (DataMapper)
IND,Índia,2015,GGXONLB_NGDP,Saldo primário do governo geral,-2.712097,% do PIB,FM-2026-04,IMF Fiscal Monitor April 2026 (DataMapper)
IND,Índia,2016,GGXONLB_NGDP,Saldo primário do governo geral,-2.552055,% do PIB,FM-2026-04,IMF Fiscal Monitor April 2026 (DataMapper)
IND,Índia,2017,GGXONLB_NGDP,Saldo primário do governo geral,-1.601032,% do PIB,FM-2026-04,IMF Fiscal Monitor April 2026 (DataMapper)
IND,Índia,2018,GGXONLB_NGDP,Saldo primário do governo geral,-1.701708,% do PIB,FM-2026-04,IMF Fiscal Monitor April 2026 (DataMapper)
IND,Índia,2019,GGXONLB_NGDP,Saldo primário do governo geral,-3.065382,% do PIB,FM-2026-04,IMF Fiscal Monitor April 2026 (DataMapper)
IND,Índia,2020,GGXONLB_NGDP,Saldo primário do governo geral,-7.43094,% do PIB,FM-2026-04,IMF Fiscal Monitor April 2026 (DataMapper)
IND,Índia,2021,GGXONLB_NGDP,Saldo primário do governo geral,-4.376694,% do PIB,FM-2026-04,IMF Fiscal Monitor April 2026 (DataMapper)
IND,Índia,2022,GGXONLB_NGDP,Saldo primário do governo geral,-3.996975,% do PIB,FM-2026-04,IMF Fiscal Monitor April 2026 (DataMapper)
IND,Índia,2023,GGXONLB_NGDP,Saldo primário do governo geral,-3.072792,% do PIB,FM-2026-04,IMF Fiscal Monitor April 2026 (DataMapper)
IND,Índia,2024,GGXONLB_NGDP,Saldo primário do governo geral,-2.958179,% do PIB,FM-2026-04,IMF Fiscal Monitor April 2026 (DataMapper)
IND,Índia,2025,GGXONLB_NGDP,Saldo primário do governo geral,-2.077501,% do PIB,FM-2026-04,IMF Fiscal Monitor April 2026 (DataMapper)
IND,Índia,2026,GGXONLB_NGDP,Saldo primário do governo geral,-1.922566,% do PIB,FM-2026-04,IMF Fiscal Monitor April 2026 (DataMapper)
IND,Índia,2027,GGXONLB_NGDP,Saldo primário do governo geral,-1.850899,% do PIB,FM-2026-04,IMF Fiscal Monitor April 2026 (DataMapper)
IND,Índia,2028,GGXONLB_NGDP,Saldo primário do governo geral,-1.759166,% do PIB,FM-2026-04,IMF Fiscal Monitor April 2026 (DataMapper)
IND,Índia,2029,GGXONLB_NGDP,Saldo primário do governo geral,-1.667595,% do PIB,FM-2026-04,IMF Fiscal Monitor April 2026 (DataMapper)
IDN,Indonésia,2000,GGXWDG_NGDP,Dívida bruta do governo geral,87.437299,% do PIB,FM-2026-04,IMF Fiscal Monitor April 2026 (DataMapper)
IDN,Indonésia,2001,GGXWDG_NGDP,Dívida bruta do governo geral,73.702115,% do PIB,FM-2026-04,IMF Fiscal Monitor April 2026 (DataMapper)
IDN,Indonésia,2002,GGXWDG_NGDP,Dívida bruta do governo geral,62.339381,% do PIB,FM-2026-04,IMF Fiscal Monitor April 2026 (DataMapper)
IDN,Indonésia,2003,GGXWDG_NGDP,Dívida bruta do governo geral,55.642692,% do PIB,FM-2026-04,IMF Fiscal Monitor April 2026 (DataMapper)
IDN,Indonésia,2004,GGXWDG_NGDP,Dívida bruta do governo geral,51.328172,% do PIB,FM-2026-04,IMF Fiscal Monitor April 2026 (DataMapper)
IDN,Indonésia,2005,GGXWDG_NGDP,Dívida bruta do governo geral,42.611727,% do PIB,FM-2026-04,IMF Fiscal Monitor April 2026 (DataMapper)
IDN,Indonésia,2006,GGXWDG_NGDP,Dívida bruta do governo geral,35.847734,% do PIB,FM-2026-04,IMF Fiscal Monitor April 2026 (DataMapper)
IDN,Indonésia,2007,GGXWDG_NGDP,Dívida bruta do governo geral,38.12094,% do PIB,FM-2026-04,IMF Fiscal Monitor April 2026 (DataMapper)
IDN,Indonésia,2008,GGXWDG_NGDP,Dívida bruta do governo geral,30.252037,% do PIB,FM-2026-04,IMF Fiscal Monitor April 2026 (DataMapper)
IDN,Indonésia,2009,GGXWDG_NGDP,Dívida bruta do governo geral,26.483126,% do PIB,FM-2026-04,IMF Fiscal Monitor April 2026 (DataMapper)
IDN,Indonésia,2010,GGXWDG_NGDP,Dívida bruta do governo geral,26.363125,% do PIB,FM-2026-04,IMF Fiscal Monitor April 2026 (DataMapper)
IDN,Indonésia,2011,GGXWDG_NGDP,Dívida bruta do governo geral,23.106018,% do PIB,FM-2026-04,IMF Fiscal Monitor April 2026 (DataMapper)
IDN,Indonésia,2012,GGXWDG_NGDP,Dívida bruta do governo geral,22.954664,% do PIB,FM-2026-04,IMF Fiscal Monitor April 2026 (DataMapper)
IDN,Indonésia,2013,GGXWDG_NGDP,Dívida bruta do governo geral,24.884377,% do PIB,FM-2026-04,IMF Fiscal Monitor April 2026 (DataMapper)
IDN,Indonésia,2014,GGXWDG_NGDP,Dívida bruta do governo geral,24.645273,% do PIB,FM-2026-04,IMF Fiscal Monitor April 2026 (DataMapper)
IDN,Indonésia,2015,GGXWDG_NGDP,Dívida bruta do governo geral,27.013304,% do PIB,FM-2026-04,IMF Fiscal Monitor April 2026 (DataMapper)
IDN,Indonésia,2016,GGXWDG_NGDP,Dívida bruta do governo geral,27.955461,% do PIB,FM-2026-04,IMF Fiscal Monitor April 2026 (DataMapper)
IDN,Indonésia,2017,GGXWDG_NGDP,Dívida bruta do governo geral,29.395537,% do PIB,FM-2026-04,IMF Fiscal Monitor April 2026 (DataMapper)
IDN,Indonésia,2018,GGXWDG_NGDP,Dívida bruta do governo geral,30.422723,% do PIB,FM-2026-04,IMF Fiscal Monitor April 2026 (DataMapper)
IDN,Indonésia,2019,GGXWDG_NGDP,Dívida bruta do governo geral,30.563455,% do PIB,FM-2026-04,IMF Fiscal Monitor April 2026 (DataMapper)
IDN,Indonésia,2020,GGXWDG_NGDP,Dívida bruta do governo geral,39.747126,% do PIB,FM-2026-04,IMF Fiscal Monitor April 2026 (DataMapper)
IDN,Indonésia,2021,GGXWDG_NGDP,Dívida bruta do governo geral,41.140307,% do PIB,FM-2026-04,IMF Fiscal Monitor April 2026 (DataMapper)
IDN,Indonésia,2022,GGXWDG_NGDP,Dívida bruta do governo geral,40.140611,% do PIB,FM-2026-04,IMF Fiscal Monitor April 2026 (DataMapper)
IDN,Indonésia,2023,GGXWDG_NGDP,Dívida bruta do governo geral,39.601362,% do PIB,FM-2026-04,IMF Fiscal Monitor April 2026 (DataMapper)
IDN,Indonésia,2024,GGXWDG_NGDP,Dívida bruta do governo geral,40.164815,% do PIB,FM-2026-04,IMF Fiscal Monitor April 2026 (DataMapper)
IDN,Indonésia,2025,GGXWDG_NGDP,Dívida bruta do governo geral,41.021123,% do PIB,FM-2026-04,IMF Fiscal Monitor April 2026 (DataMapper)
IDN,Indonésia,2026,GGXWDG_NGDP,Dívida bruta do governo geral,41.479875,% do PIB,FM-2026-04,IMF Fiscal Monitor April 2026 (DataMapper)
IDN,Indonésia,2027,GGXWDG_NGDP,Dívida bruta do governo geral,41.787843,% do PIB,FM-2026-04,IMF Fiscal Monitor April 2026 (DataMapper)
IDN,Indonésia,2028,GGXWDG_NGDP,Dívida bruta do governo geral,42.00201,% do PIB,FM-2026-04,IMF Fiscal Monitor April 2026 (DataMapper)
IDN,Indonésia,2029,GGXWDG_NGDP,Dívida bruta do governo geral,42.142259,% do PIB,FM-2026-04,IMF Fiscal Monitor April 2026 (DataMapper)
IDN,Indonésia,2000,GGXONLB_NGDP,Saldo primário do governo geral,1.443545,% do PIB,FM-2026-04,IMF Fiscal Monitor April 2026 (DataMapper)
IDN,Indonésia,2001,GGXONLB_NGDP,Saldo primário do governo geral,3.103264,% do PIB,FM-2026-04,IMF Fiscal Monitor April 2026 (DataMapper)
IDN,Indonésia,2002,GGXONLB_NGDP,Saldo primário do governo geral,3.848236,% do PIB,FM-2026-04,IMF Fiscal Monitor April 2026 (DataMapper)
IDN,Indonésia,2003,GGXONLB_NGDP,Saldo primário do governo geral,1.906611,% do PIB,FM-2026-04,IMF Fiscal Monitor April 2026 (DataMapper)
IDN,Indonésia,2004,GGXONLB_NGDP,Saldo primário do governo geral,2.242237,% do PIB,FM-2026-04,IMF Fiscal Monitor April 2026 (DataMapper)
IDN,Indonésia,2005,GGXONLB_NGDP,Saldo primário do governo geral,2.622588,% do PIB,FM-2026-04,IMF Fiscal Monitor April 2026 (DataMapper)
IDN,Indonésia,2006,GGXONLB_NGDP,Saldo primário do governo geral,2.628438,% do PIB,FM-2026-04,IMF Fiscal Monitor April 2026 (DataMapper)
IDN,Indonésia,2007,GGXONLB_NGDP,Saldo primário do governo geral,0.904527,% do PIB,FM-2026-04,IMF Fiscal Monitor April 2026 (DataMapper)
IDN,Indonésia,2008,GGXONLB_NGDP,Saldo primário do governo geral,1.687213,% do PIB,FM-2026-04,IMF Fiscal Monitor April 2026 (DataMapper)
IDN,Indonésia,2009,GGXONLB_NGDP,Saldo primário do governo geral,-0.084299,% do PIB,FM-2026-04,IMF Fiscal Monitor April 2026 (DataMapper)
IDN,Indonésia,2010,GGXONLB_NGDP,Saldo primário do governo geral,0.045169,% do PIB,FM-2026-04,IMF Fiscal Monitor April 2026 (DataMapper)
IDN,Indonésia,2011,GGXONLB_NGDP,Saldo primário do governo geral,0.487285,% do PIB,FM-2026-04,IMF Fiscal Monitor April 2026 (DataMapper)
IDN,Indonésia,2012,GGXONLB_NGDP,Saldo primário do governo geral,-0.419799,% do PIB,FM-2026-04,IMF Fiscal Monitor April 2026 (DataMapper)
IDN,Indonésia,2013,GGXONLB_NGDP,Saldo primário do governo geral,-0.771471,% do PIB,FM-2026-04,IMF Fiscal Monitor April 2026 (DataMapper)
IDN,Indonésia,2014,GGXONLB_NGDP,Saldo primário do governo geral,-0.542054,% do PIB,FM-2026-04,IMF Fiscal Monitor April 2026 (DataMapper)
IDN,Indonésia,2015,GGXONLB_NGDP,Saldo primário do governo geral,-1.370414,% do PIB,FM-2026-04,IMF Fiscal Monitor April 2026 (DataMapper)
IDN,Indonésia,2016,GGXONLB_NGDP,Saldo primário do governo geral,-1.087287,% do PIB,FM-2026-04,IMF Fiscal Monitor April 2026 (DataMapper)
IDN,Indonésia,2017,GGXONLB_NGDP,Saldo primário do governo geral,-0.670372,% do PIB,FM-2026-04,IMF Fiscal Monitor April 2026 (DataMapper)
IDN,Indonésia,2018,GGXONLB_NGDP,Saldo primário do governo geral,0.048308,% do PIB,FM-2026-04,IMF Fiscal Monitor April 2026 (DataMapper)
IDN,Indonésia,2019,GGXONLB_NGDP,Saldo primário do governo geral,-0.350416,% do PIB,FM-2026-04,IMF Fiscal Monitor April 2026 (DataMapper)
IDN,Indonésia,2020,GGXONLB_NGDP,Saldo primário do governo geral,-4.041052,% do PIB,FM-2026-04,IMF Fiscal Monitor April 2026 (DataMapper)
IDN,Indonésia,2021,GGXONLB_NGDP,Saldo primário do governo geral,-2.381524,% do PIB,FM-2026-04,IMF Fiscal Monitor April 2026 (DataMapper)
IDN,Indonésia,2022,GGXONLB_NGDP,Saldo primário do governo geral,-0.334776,% do PIB,FM-2026-04,IMF Fiscal Monitor April 2026 (DataMapper)
IDN,Indonésia,2023,GGXONLB_NGDP,Saldo primário do governo geral,0.463675,% do PIB,FM-2026-04,IMF Fiscal Monitor April 2026 (DataMapper)
IDN,Indonésia,2024,GGXONLB_NGDP,Saldo primário do governo geral,-0.076963,% do PIB,FM-2026-04,IMF Fiscal Monitor April 2026 (DataMapper)
IDN,Indonésia,2025,GGXONLB_NGDP,Saldo primário do governo geral,-0.757286,% do PIB,FM-2026-04,IMF Fiscal Monitor April 2026 (DataMapper)
IDN,Indonésia,2026,GGXONLB_NGDP,Saldo primário do governo geral,-0.667015,% do PIB,FM-2026-04,IMF Fiscal Monitor April 2026 (DataMapper)
IDN,Indonésia,2027,GGXONLB_NGDP,Saldo primário do governo geral,-0.650884,% do PIB,FM-2026-04,IMF Fiscal Monitor April 2026 (DataMapper)
IDN,Indonésia,2028,GGXONLB_NGDP,Saldo primário do governo geral,-0.602814,% do PIB,FM-2026-04,IMF Fiscal Monitor April 2026 (DataMapper)
IDN,Indonésia,2029,GGXONLB_NGDP,Saldo primário do governo geral,-0.584415,% do PIB,FM-2026-04,IMF Fiscal Monitor April 2026 (DataMapper)
